{
	"id": "1b56a111bcbabae30c0dc654f0162f49",
	"_format": "hh-sol-build-info-1",
	"solcVersion": "0.8.17",
	"solcLongVersion": "0.8.17+commit.8df45f5f",
	"input": {
		"language": "Solidity",
		"sources": {
			"ToDoList.sol": {
				"content": "//SPDX-License-Identifier: MIT\r\npragma solidity ^0.8.17;"
			}
		},
		"settings": {
			"optimizer": {
				"enabled": false,
				"runs": 200
			},
			"outputSelection": {
				"*": {
					"": [
						"ast"
					],
					"*": [
						"abi",
						"metadata",
						"devdoc",
						"userdoc",
						"storageLayout",
						"evm.legacyAssembly",
						"evm.bytecode",
						"evm.deployedBytecode",
						"evm.methodIdentifiers",
						"evm.gasEstimates",
						"evm.assembly"
					]
				}
			}
		}
	},
	"output": {
		"sources": {
			"ToDoList.sol": {
				"ast": {
					"absolutePath": "ToDoList.sol",
					"exportedSymbols": {},
					"id": 2,
					"license": "MIT",
					"nodeType": "SourceUnit",
					"nodes": [
						{
							"id": 1,
							"literals": [
								"solidity",
								"^",
								"0.8",
								".17"
							],
							"nodeType": "PragmaDirective",
							"src": "32:24:0"
						}
					],
					"src": "32:24:0"
				},
				"id": 0
			}
		}
	}
}